Almond, High Quality, kgs,4,15
Arhar Dal, Pahaad Arahar, kgs,8,16
Fortune Arhar Dal, Good Quality, kgs,8,12
Fortune Chana Dal, Rich in flavour and delicious in taste, kgs,8,12
Fortune Traditional Basmati Rice, Good Taste, kgs,9,12
Fortune Biryani Special Basmati Rice, Good Taste, kgs,9,12
Fortune Everyday Basmati Rice, Good Taste, kgs,9,12
India Gate Basmati, Good Taste, kgs,9,14
Kohinoor Basmati, Good Taste, kgs,9,15
Black Dal, Punjabi black dal, kgs,8,20
Brown Rice, Good for Health, kgs,9,14
Brown Sugar, Good for Health, kgs,12,14
Cashew, High Quality, kgs,4,15
MDH Garam Masala, Will make delicious Food, pcs,5,17
Catch Garam Masala, Will make delicious Food, pcs,5,36
Everest Garam Masala, Will make delicious Food, pcs,5,11
MDH Kashmiri Mirch Powder, Rich Color, pcs,5,17
Everest Mirch Powder, Rich Color, pcs,5,11
Aashirvaad Chilli Powder, Rich Color, pcs,5,1
Catch Mirch Powder, Rich Color, pcs,5,36
MDH Sambar Powder, Rich Color, pcs,5,17
Aashirvaad Sambar Powder, Rich Color, pcs,5,1
Everest Sambar Powder, Rich Color, pcs,5,11
Catch Sambar Powder, Rich Color, pcs,5,36
MDH Rasam Powder, Rich Color, pcs,5,17
Catch Rasam Powder, Rich Color, pcs,5,36
Aashirvaad Rasam Powder, Rich Color, pcs,5,1
MDH Chola Masala, Rich Color, pcs,5,17
Catch Chola Masala, Rich Color, pcs,5,36
Everest Chola Masala, Rich Color, pcs,5,11
MDH Turmeric Powder, Rich Color, packet,5,17
Catch Turmeric Powder, Rich Color, packet,5,36
Everest Turmeric Powder, Rich Color, packet,5,11
Aashirvaad Turmeric Powder, Rich Color, pcs,5,1
MDH Curry Powder, Will make delicious Food, packet,5,17
Catch Curry Powder, Will make delicious Food, packet,5,36
Everest Curry Powder, Will make delicious Food, packet,5,11
Catch Kitchen King, Will make delicious Food, pcs,5,36
Everest Kitchen King, Will make delicious Food, packet,5,11
MDH Kitchen King, Will make delicious Food, pcs,5,17
Catch Meat Masala, Will make delicious Food, pcs,5,36
MDH Meat ka Masala, Will make delicious Food, pcs,5,17
MDH Jeera Powder, Will make delicious Food, pcs,5,17
Everest Meat Masala, Will make delicious Food, pcs,5,11
Catch Chicken Masala, Will make delicious Food, pcs,5,36
MDH Chicken Masala, Will make delicious Food, pcs,5,17
Everest Chicken Masala, Will make delicious Food, pcs,5,11
Everest Fish Curry Masala, Will make delicious Food, pcs,5,11
Catch Shahi Paneer Masala, Will make delicious Food, pcs,5,36
MDH Shahi Paneer Masala, Will make delicious Food, pcs,5,17
Everest Paneer Masala, Will make delicious Food, pcs,5,11
Tata Salt, Desh ka Namak, pcs,5,24
Tata Salt Lite, Keeps you Healthy, pcs,5,24
Catch Salt, High Quality, pcs,5,36
Aashirvaad Salt, Keeps you Healthy, pcs,5,1
Moong Dal, Banaras Moong dal, kgs,8,20
Panchi Mustard Oil, Healthy and Pure, ltr,7,22
Tata Olive Oil, High Quality, ltr,7,24
Saffola Refined Oil, High Quality, ltr,7,23
Fortune Rice Bran Health Oil, Physically Refined Rice Bran Oil, ltr,7,12
Fortune Soya Health Oil, Refined Soyabean Oil, ltr,7,12
Fortune Sunlite Oil, Refined Sunflower Oil, ltr,7,12
Fortune Mustard Oil, Pure Mustard Oil, ltr,7,12
Fortune Kachi Ghani, Pure Mustard Oil, ltr,7,12
Raisin, High Quality, kgs,4,20
Walnut, High Quality, kgs,4,15
White Sugar, Clean. No dirt, kgs,12,20
Lifebouy, Germ Check Soap, kgs,3,26
Lux Soap, Rich Smell, pcs,3,27
Vivel Soap, Rich Smell, pcs,3,28
Dove Soap, Soft Skin, pcs,3,29
Dettol, Germ Check, pcs,3,30
Rin, Clothes Wahing Soap,kgs,10,37
Surf Excel, Clothes Wahing Soap,kgs,10,38
Lux, Rich Smell, pcs,3,27
Vivel Shampoo, Rich Smell, pcs,3,28
Dove Shampoo, Rich Smell, pcs,3,29
Vatika Shampoo, Rich Smell, pcs,3,10
Garnier Shampoo, Rich Smell, pcs,3,2
Sunsilk Shampoo, Rich Smell,pcs,3,39
Pantene Shampoo, Rich Smell,pcs,3,40
Himalaya Shampoo, Rich Smell, pcs,3,42
Rin, Clothes Wahing Detergent,pcs,10,37
Surf Excel, Clothes Wahing Detergent, pcs,10,38
Garnier Hair Conditioner, High Quality, pcs,3,2
Dove Hair Conditioner, High Quality, pcs,3,29
Vivel Hair Conditioner, High Quality, pcs,3,28
Vatika Hair Conditioner, High Quality,pcs,3,10
Sunsilk Hair Conditioner, High Quality,pcs,3,39
Pantene Hair Conditioner, High Quality, pcs,3,40
Himalaya Hair Conditioner, High Quality,pcs,3,42
Kissan Tomato Sauce, Tastes Yummy, pcs,16,33
Kissan Chilli Sauce, High Quality, pcs,16,33
Kissan Soya Sauce, High Quality, pcs,16,33
Kissan Mixed Fruit Jam, Tastes Yummy, pcs,16,33
Kissan Pineapple Jam, Tastes Yummy, pcs,16,33
Kissan Strawberry Jam, Tastes Yummy, pcs,16,33
Maggi Tomato Puree, High Quality, pcs,16,34
Kissan Mango Squash, Tastes Yummy, pcs,16,33
Kissan Orange Squash, Tastes Yummy, pcs,16,33
Kissan Pineapple Squash, Tastes Yummy, pcs,16,33
Kissan Lemon Squash, Tastes Yummy, pcs,16,33
Dabur Glucose-D, Gives Instant Energy, pcs,16,10
Prime Vinegar, High Quality, pcs,16,35
Dabur Honey, High Quality, pcs,16,10
Dabur Amla Hair Oil, Keeps Hair Healthy, pcs,3,10
Dabur Almond Hair Oil, Keeps Hair Healthy, pcs,3,10
Dabur Vatika, Keeps Hair Healthy, pcs,3,10
Parachute, Coconut Oil, pcs,3,31
Keo Karpin, Almond Oil, pcs,3,32
Britania Chocolate Cake, Yummy but with Eggs, pcs,17,3
Britania Mixed Fruit Cake, Yummy but with Eggs, pcs,17,3
Britania Pineapple Cake, Yummy but with Eggs, pcs,17,3
Britania Milk Cake, Yummy but with Eggs, pcs,17,3
Chane Ki Dal, High Quality, kgs,8,20
Kale Chane, High Quality, kgs,8,20
Rajma, High Quality, kgs,8,20
Lobiya, High Quality,kgs,8,20
Urad Dal, High Quality, kgs,8,20
Masoor Dal, High Quality, kgs,8,20
Oat Meal, Good for Health, kgs,2,25
Corn Flakes, Good for Health, kgs,2,25
Brooke Bond Red Label, Tastes Nice, pcs,13,4
Brooke Bond Red Label Natural Care, Tastes Nice, pcs,13,4
Brooke Bond Taj Mahal, Tastes Nice, pcs,13,4
Brooke Bond Taaza, Tastes Nice, pcs,13,4
Bru Instant, Rich Taste Coffee, pcs,13,5
Bru Gold, Rich Taste Coffee, pcs,13,5
Nescafe, Rich Taste Coffee, pcs,13,19
Tata Tea, Tastes Nice, pcs,13,24
Aashirvaad Whole Wheat Atta, Good for Health, kgs,14,1
Aashirvaad Select Atta, Good for Health, kgs,14,1
Aashirvaad Atta with Multigrains, Good for Health, kgs,14,1
Besan, Good for Health, kgs,14,20
Fortune Besan, Made from 100% Chana Dal, kgs,14,12
Fortune Matar Besan, High Quality, kgs,14,12
Poha, High Quality, kgs,2,20
Sooji, High Quality, kgs,2,20
Aluminium Foil, High Quality, pcs,10,20
Tissue Paper, High Quality, pcs,10,20
Room Freshner, High Quality, pcs,10,20
Colgate Toothbrush, Zigzag, pcs,3,7
Pepsodent Toothbrush, Zigzag, pcs,3,41
Colgate Strong Teeth, Strong Teeth and Gums, pcs, 3, 9
Colgate Maxfresh, Strong Teeth and Gums, pcs, 3, 9
Colgate Active Salt, Strong Teeth and Gums, pcs, 3, 9
Colgate Visible White, White Teeth, pcs, 3, 9
Colgate Sensitive Pro Relief, Strong Teeth and Gums, pcs, 3, 9
Colgate Plax, Avoids Mouth Odour, pcs, 3, 9
Pepsodent Expert Protection, Strong Teeth and Gums, pcs, 3, 41
Close Up Deep Action - Red Hot, Avoids Mouth Odour, pcs, 3, 8
Dabur Meshwak, Strong Teeth and Gums, pcs, 3, 10
Dabur Red, Strong Teeth and Gums, pcs, 3, 10
Dabur Babool, Strong Teeth and Gums, pcs, 3, 10
Himalaya, Strong Teeth and Gums, pcs, 3, 42
Britania Good Day, Tastes Good, pcs, 17, 3
Britania Crackers, Tastes Good, pcs, 17, 3
Britania NutriChoice, Good for Health, pcs, 17, 3
Britania Marie Gold, Tastes Good, pcs, 17, 3
Britania Tiger, Tastes Good, pcs, 17, 3
Britania Milk Bikis, Tastes Good, pcs, 17, 3
Britania Jim Jam + Treat, Tastes Good, pcs, 17, 3
Britania Bourbon, Tastes Good, pcs, 17, 3
Britania Little Hearts, Tastes Good, pcs, 17, 3
Britania Pure Magic, Chocolaty, pcs, 17, 3
Britania Nice Time, Salty, pcs, 17, 3
Britania Whole Wheat Bread, Yummy, pcs, 17, 3
Britania Premium Bake, Tastes Good, pcs, 17, 3
Britania Maska Rusk, Tastes Good, pcs, 17, 3
MTR Palak Paneer, Tasty, pcs, 11, 18
MTR Poha, Tasty, pcs, 11, 18
MTR Oats Upma, Tasty, pcs, 11, 18
MTR Rava Idli, Tasty, pcs, 11, 18
MTR Uttapam, Tasty, pcs, 11, 18
MTR Masala Upma, Tasty, pcs, 11, 18
MTR Vada, Tasty, pcs, 11, 18
MTR Dosa, Tasty, pcs, 11, 18
MTR Upma, Tasty, pcs, 11, 18
Fogg, Smells Nice, pcs, 15, 7
Axe Chocolate, Smells Nice, pcs, 15, 13
Garnier Men Face Wash, pcs,15,13